Timestamp,Name,Email id,if you are ill - what do you prefer ?,Do u prefer health services at home?,Do u belief that the online consultancy will work good?,If you want health services to be online what services would you choose?,Do you trust online health services?,Do you think these online services costs you more?,what is your opinion on health services system?,Would you prefer health schemes (like insurance  etc )to secure your family?
2/12/2021 11:57:32,YARKAREDDY GEETHIKA,190031792@kluniversity.in,Taking medicines at home,Maybe,Maybe,"tests (like blood test,sugar test...etc)",Yes,Yes,Very good,Yes
2/12/2021 11:57:42,Poojitha,Poojitha,Taking medicines at home,Yes,Yes`,appointment booking,Yes,Yes,Very good,No
2/12/2021 11:57:54,Saikumar Tangellamudi,tangellamudisaikumar@gmail.com,Consulting family doctor,Yes,Yes`,consultancy,Yes,No,Excellent,Yes
2/12/2021 11:58:33,Saikumar Tangellamudi,tangellamudisaikumar@gmail.com,Consulting family doctor,Yes,Yes`,consultancy,Yes,No,Excellent,Yes
2/12/2021 11:59:16,Vardhan,jayasaivardhan77@gmail.com,Go to hospital,No,Maybe,"tests (like blood test,sugar test...etc)",No,No,Excellent,Yes
2/12/2021 11:59:33,Pavan,Pavanmallik76991@gmail.com ,Consulting family doctor,Yes,Yes`,appointment booking,Yes,Yes,Excellent,No
2/12/2021 11:59:40,#DADDYTHOP,daddymummy4950@gmail.com,Taking medicines at home,No,No,None,No,Yes,Poor,Yes
2/12/2021 11:59:55,K.Prudhvi Raj,prudhviraj01062001@gmail.com,Go to hospital,Yes,Maybe,appointment booking,No,Yes,Good,Yes
2/12/2021 12:03:56,Avinash,avinashgrandhi9@gmail.com,Taking medicines at home,Yes,Yes`,consultancy,Yes,Yes,Poor,Yes
2/12/2021 12:04:08,SAMBASIVARAO,sambasivarao782@gmail.com,Consulting family doctor,No,No,appointment booking,No,No,Poor,Yes
2/12/2021 12:04:36,Bhavya,bhavyasrinivas999@gmail.com,Go to hospital,Maybe,Yes`,consultancy,Yes,Yes,Excellent,Yes
2/12/2021 12:04:41,G.MANASA,gummallamanasa9@gmail.com,Consulting family doctor,Yes,Yes`,appointment booking,Yes,No,Good,Yes
2/12/2021 12:06:12,Varsha Chowdary Kadimi,varshachowdary.k@gmail.com,Consulting family doctor,Yes,Maybe,appointment booking,Yes,No,Good,No
2/12/2021 12:08:54,Geetha,Geethavenkatasoumya@gmail.com,Taking medicines at home,Yes,Maybe,"tests (like blood test,sugar test...etc)",No,Yes,Good,Maybe
2/12/2021 12:11:21,K.Madhusri,madhu.katta2002@gmail.com,Go to hospital,No,Yes`,"tests (like blood test,sugar test...etc)",Yes,Yes,Very good,Yes
2/12/2021 12:12:17,K.Lohitha,lohithakona29@gmail.com ,Taking medicines at home,Yes,No,appointment booking,Yes,No,Fair,No
2/12/2021 12:13:12,V.SRIMUKHI ,srimukivelivela@gmail.com ,Taking medicines at home,Yes,No,appointment booking,No,No,Excellent,Yes
2/12/2021 12:19:15,Kanakavalli Mannava,valli06082002@gmail.com,Taking medicines at home,Yes,Yes`,consultancy,Yes,Yes,Very good,Yes
2/12/2021 12:26:38,Vishnu priya ,190031367@kluniversity.in,Taking medicines at home,Maybe,Yes`,appointment booking,Yes,No,Very good,Yes
2/12/2021 12:29:56,Surabhi ,190031878@kluniversity.in ,Taking medicines at home,Yes,No,"tests (like blood test,sugar test...etc)",No,Yes,Fair,Yes
2/12/2021 12:36:05,Sai jyothi,Saijyothi@gmail.com,Consulting family doctor,Maybe,No,consultancy,No,Yes,Poor,Yes
2/12/2021 12:46:00,G.Grace Anzel,190030461@kluniversity.in,Go to hospital,Yes,Yes`,"tests (like blood test,sugar test...etc)",Yes,No,Fair,Yes
2/12/2021 12:46:12,Pranathi,krishnapranathi786@gmail.com,Taking medicines at home,No,No,appointment booking,No,No,Good,Yes
2/12/2021 12:50:27,Sirisha,siri@gmail.com,Taking medicines at home,Yes,Yes`,"tests (like blood test,sugar test...etc)",Yes,No,Very good,Yes
2/12/2021 13:05:58,V KARAN KUMAR,vkarankumar106@gmail.com,Go to hospital,Maybe,Maybe,appointment booking,Yes,No,Very good,Yes
2/12/2021 13:37:39,Supraja,suprajapekala@gmail.com,Go to hospital,No,No,appointment booking,No,No,Excellent,Yes
2/12/2021 14:32:25,Popuri.Jithendra chowdary ,Babloo.popuri@gmail.com,Consulting family doctor,Yes,Maybe,consultancy,Yes,Yes,Excellent,Yes
2/12/2021 14:38:27,Y.SREEKEERTHI ,srikirthi21@gmail.com ,Taking medicines at home,Yes,No,appointment booking,No,No,Fair,Yes
2/12/2021 14:44:47,Maddukuri Sivani,shivanimaddukuri99@gmail.com,Go to hospital,Yes,Yes`,consultancy,Yes,No,Excellent,No
2/12/2021 14:45:39,Maddukuri Ashritha,Ashrithamaddukuri47@gmail.com,Go to hospital,Yes,Yes`,consultancy,Yes,No,Excellent,No
2/12/2021 14:47:16,P.harshitha ,Pharshitha019@gmail.com ,Go to hospital,Yes,Yes`,"tests (like blood test,sugar test...etc)",Yes,Yes,Very good,Yes
2/12/2021 14:47:56,RK,bharath@gmail.com,Taking medicines at home,No,No,None,No,No,Very good,No
2/12/2021 14:49:09,Manas,manaskirangmk@gmail.com,Consulting family doctor,Maybe,Maybe,appointment booking,Yes,Yes,Very good,Yes
2/12/2021 14:49:10,P.savitri,Savitri7799167677@gmail.com ,Go to hospital,Yes,Yes`,appointment booking,Yes,Yes,Very good,Yes
2/12/2021 14:49:59,Priya Puppala,puppalapriya2002@gmail.com,Consulting family doctor,Maybe,No,appointment booking,No,No,Good,Yes
2/12/2021 14:58:38,Matam Aravind ,aravindmatam329@gmail.com ,Taking medicines at home,Yes,No,appointment booking,Yes,Yes,Good,Yes
2/12/2021 15:24:24,Samudrala Baby Sahithi,sahithisamudrala1906@gmail.com,Consulting family doctor,Yes,Maybe,appointment booking,No,No,Good,Yes
2/12/2021 15:55:25,MOHAMMED ABDUL RAHMAN,rahmanklu@outlook.com,Consulting family doctor,Yes,Yes`,consultancy,Yes,No,Very good,Maybe
2/12/2021 15:59:01,VISHAL VAMSI,vishalvicky2001@gmail.com,Consulting family doctor,Yes,No,appointment booking,No,Yes,Good,Maybe
2/12/2021 16:18:56,Susanna darsi ,susannadarsi477@gmail.com,Go to hospital,No,No,consultancy,No,No,Good,Yes
2/12/2021 16:21:12,Yatisha,yatishahoney@gmail.com,Taking medicines at home,Yes,Maybe,None,No,Yes,Good,Yes
2/12/2021 16:52:45,Mounika Sura,mounisura82@gmail.com,Go to hospital,Yes,Maybe,"tests (like blood test,sugar test...etc)",Yes,Yes,Very good,Yes
2/12/2021 17:33:29,Manas,manaskirangmk@gmail.com,Consulting family doctor,Maybe,Maybe,appointment booking,Yes,Yes,Very good,Yes
2/12/2021 17:38:04,Pranathi J,jampanapranathi05@gmail.com,Taking medicines at home,Maybe,No,appointment booking,No,Yes,Very good,Yes
2/12/2021 18:56:15,Manas,manaskirangmk@gmail.com,Consulting family doctor,Maybe,Maybe,appointment booking,Yes,Yes,Very good,Yes
2/12/2021 22:50:04,bindu,bindurayudu.jammula@gmail.com,Go to hospital,Yes,Maybe,appointment booking,Yes,No,Good,Yes
2/13/2021 12:42:35,Surya Teja Koka,Surya@gmail.com,Taking medicines at home,Yes,Yes`,appointment booking,Yes,Yes,Excellent,Yes
2/13/2021 12:43:23,R.Sri Naga Harisha,harisharavella02@gmail.com,Taking medicines at home,Yes,Maybe,appointment booking,No,No,Good,Maybe
2/13/2021 12:43:34,Varsha Chowdary Kadimi,varshachowdary.k@gmail.com,Consulting family doctor,Yes,Maybe,appointment booking,Yes,No,Fair,No
2/13/2021 12:44:55,Nagarjuna,nagarjunareddy7992@gmail.com,Taking medicines at home,Maybe,Yes`,appointment booking,No,No,Very good,Maybe
2/13/2021 12:45:42,Chinmayi,gandlurusaichinmayi27@gmail.com,Taking medicines at home,No,No,consultancy,No,No,Very good,Yes
2/13/2021 12:46:20,S.shanmukh,Shanmukhsettipalli@gmail.com ,Go to hospital,Yes,Maybe,"tests (like blood test,sugar test...etc)",Yes,Yes,Very good,Yes
2/13/2021 13:03:01,Bhuvan,bhuvan240901@gmail.com,Taking medicines at home,Yes,Maybe,appointment booking,Yes,Yes,Very good,Yes
2/13/2021 13:12:53,Sravya Koyi,sravyakoyi26@gmail.com,Consulting family doctor,Yes,Maybe,appointment booking,Yes,Yes,Good,Yes
2/13/2021 13:15:08,S.Sindhu,sindhusankarasetty74@gmail.com,Consulting family doctor,Maybe,Yes`,consultancy,Yes,Yes,Good,Yes
2/13/2021 13:33:01,Tejaswini ,tejaswinibetina@gmail.com ,Consulting family doctor,Yes,Maybe,"tests (like blood test,sugar test...etc)",Yes,Yes,Very good,Yes
2/13/2021 14:09:09,Vyshnavi koka,Vyshnavikoka296@gmail.com,Taking medicines at home,Yes,Maybe,consultancy,Yes,No,Excellent,Yes
2/13/2021 14:10:27,Bhanusri Edpuganti ,190030435@kluniversity.in,Taking medicines at home,Yes,Yes`,appointment booking,Yes,No,Excellent,Yes
2/13/2021 15:13:07,Y.Bhavya,bhavyasaisree91@gmail.com ,Go to hospital,Yes,Maybe,consultancy,Yes,Yes,Excellent,Yes
2/13/2021 15:32:29,Supriya,190030437@kluniversity.in,Consulting family doctor,Maybe,Maybe,appointment booking,Yes,No,Good,Maybe
2/13/2021 17:18:38,Pillagolla jayakrishna,jayakrishnap05789@gmail.com,Taking medicines at home,Maybe,No,consultancy,No,Yes,Very good,Yes
2/13/2021 17:30:30,Manusha,31reddymanusha@gmail.com,Consulting family doctor,Yes,Maybe,None,Yes,No,Good,Maybe
2/13/2021 19:11:12,U.RadhaDarshini,uppugantidarshini4@gmail.com,Consulting family doctor,Yes,Yes`,appointment booking,Yes,No,Good,Yes
2/13/2021 19:51:17,Deepthi,deepthisripeddinti@gmail.com,Go to hospital,No,Yes`,consultancy,Yes,Yes,Good,Yes
2/14/2021 9:04:22,Susanna darsi ,susannadarsi477@gmail.com,Go to hospital,No,No,consultancy,No,No,Good,Yes